step,checkpoint,direction,derivative_global,class0_global,real00_global,real01_global,real02_global,real03_global,class1_global,real10_global,real11_global,real12_global,real13_global,derivative_2-rdm,class0_2-rdm,real00_2-rdm,real01_2-rdm,real02_2-rdm,real03_2-rdm,class1_2-rdm,real10_2-rdm,real11_2-rdm,real12_2-rdm,real13_2-rdm,derivative_physics,class0_physics,class1_physics
1,initial,0,0.023969133615376524,-0.12395669152460043,0.1923016604219689,0.03786710097912242,-0.3679596761144962,-0.4700984327699653,0.17189495875535274,0.2646290623008533,-0.009503554769897024,-0.1152241737144751,0.901529005057334,-0.08289910654256216,-0.3695924774051862,-0.6856888912643833,0.38185732922577287,-1.128516358712716,-0.6652466282155097,0.2037942643200615,0.4398574743408531,0.07805795236982549,-0.21576716141804936,1.077096389090014,-0.021940907800964693,-0.1397411181490981,0.09585930254716861
1,initial,1,-0.138330794171313,-0.06951077549304834,0.2964169748070115,0.06105247633262294,-0.01314255686504599,-0.3371588037982831,-0.20715081284957693,-0.030870385244889942,-0.05464831619550618,-0.4722341046228892,-0.07925545889289065,0.43427438224530696,0.7372423217400733,0.730680358996327,0.18076434430251717,1.137824148819396,0.3974609262701453,0.1313064427505406,0.4713755777317334,-0.04493101449439596,-0.2898758638723272,0.44271826815292925,0.08705879666680442,0.1874760264971508,-0.013358433163542054
1,initial,2,-0.019356097494049873,0.15675924857943446,0.3582314200663069,0.9587485576533424,-0.2436732707746699,0.1056731102698727,-0.1954714435675335,-0.16034564277556712,0.008737083249181765,-0.510056673967639,0.12003560177805017,0.531942226829411,1.0476155468068657,0.811964750036267,1.620506653463103,0.9671732806409583,1.1198623000468844,0.016268906851955776,0.142564480450141,-0.019480811316692957,-0.871894565061507,0.5945163413848602,0.1086503575615024,0.3598805686610381,-0.14257985353803349
1,initial,3,0.1392869379979119,0.347182564136083,0.19881764550644018,0.6142090947478115,0.11604882537487926,0.43873789531084934,-0.06860868814025922,0.0029222429389215896,-0.46897807426840615,0.2065015442243216,-0.05507080023207249,-0.3663450965299816,-0.40742713169195055,-0.5938341431364732,-0.11834023534654274,-0.21488450866103737,-0.6237221259450121,-0.32526306136801264,0.4279879173362374,-0.9788909278365991,0.7866437899094003,-1.00440166561101,-0.05574882760867299,-0.10832620280620926,-0.0031714524111368476
1,initial,4,0.05194805342320382,-0.4316790245950064,-0.5932080085866409,-0.2946697052085301,0.05541520331308133,-0.6450099652924942,0.5355751314414148,0.42016839575184617,0.6541915304272136,0.481751847689705,0.09287034807020644,0.004874343563027554,-0.4341571833435365,-0.14368954677358364,-0.2116656470090935,-0.8266987815391177,-0.3211064778838783,0.44390587046959123,-0.21083382561451147,0.7557086720605171,0.8510257335144471,-0.03418782270196097,0.03624956757355784,-0.16481650957849964,0.23731564472561512
1,initial,5,0.3359921145113772,-0.06715454506281009,0.3154997698551565,-0.546208117181326,0.19533042205271522,-0.3592115614080149,0.7391387740855645,0.4840630163537404,0.8123757352613259,0.8273005174147812,0.48303119572279174,0.21321575977292156,-0.19165785422584403,-0.2642223962686267,-0.6721719633631422,0.35401283954463886,-0.621808241627904,0.6180893737716872,0.16073157664527957,0.7655467991790887,0.6748481442990983,0.2632887668241368,0.12804537498005403,-0.05817269379355006,0.3142634437536581
1,initial,6,0.005838465130055445,-0.32414433870410136,-0.18173456853704048,-0.39099437749814836,0.23258121069804627,-0.35824603987456277,0.3358212689642115,0.4412880183069098,0.3673419811082712,-0.09387033640426479,0.22800237634077386,0.22614803584277143,0.554529407621065,0.7907071210211141,0.7706590238690596,0.006761173344319952,0.8316361357095122,-0.10223333593552208,-0.12219319109298891,0.07228045040308681,-1.2050992730023857,0.16936972728501293,0.06277061436154938,0.2239569006187761,-0.09841567189567746
1,initial,7,-0.3294650888852191,-0.17109200441846126,-0.5779635040593711,0.6847385041951282,-0.21786106145336825,-0.3648145428588571,-0.48783817335197693,-0.4390869732485777,-0.617335765060562,-0.22580108615944358,-0.2996106645044083,-0.6025937748686272,-0.1855588063786573,-0.4663667652642852,0.9841242353020552,-0.6208595664750116,-0.029158427342006098,-1.019628743358597,-1.340644845209024,-1.3228544481666404,-0.9698005785673258,-0.24299162257334456,-0.37182380286063577,-0.06319754439598305,-0.6804500613252884
1,initial,8,0.16207909678120247,0.257106516447676,0.48977898197335595,0.05825485072893155,-0.007028827419665411,0.20995756698632445,0.06705167711472892,-0.1321917771615322,0.2045972300778069,0.5323500854876236,-0.46138302178478624,-0.025770421130696018,-0.29652436088405215,0.336821280027592,-1.0557896159929825,0.29848940221429776,-0.3686352429495695,0.2449835186226605,-0.1147390335681157,0.3343978425769434,1.13894985801792,0.23171364817353712,0.05154860080549162,-0.09229436874544805,0.19539157035643148
1,initial,9,-0.009202370399172082,0.08110463448980662,0.3627646253098364,-0.06808894881666769,0.0013319588248187724,-0.38296264084271375,-0.09950937528815078,-0.13588281714886613,-0.14351220750846347,0.07655689713573186,-0.4682621758310187,-0.26682826420864614,-0.32068010565476424,-0.12001948631625552,-0.34734319312212936,-0.3770614497518884,-0.16679825113772567,-0.21297642276252823,-0.7810839528087884,0.07814972833682265,-0.7965096193477827,0.1157674874007982,-0.10735678242381938,-0.10150569553123107,-0.11320786931640774
1,initial,10,0.6664205277238189,0.9053692038292901,0.5508529024157379,0.3684861727350238,0.4534054496106325,0.7421382940656048,0.427471851618347,0.31483873251709465,0.6436479192262639,1.0024393666346696,-0.15248295358692915,0.05257135182413405,-0.7554250855501243,-0.9818295507160867,-0.5849050225743809,-0.6231530141227859,-1.2310998521140109,0.860567789198392,0.9701199741772053,0.6259112938419198,1.5917678588899957,0.12949419767861978,0.2836454832828727,-0.19834603724689576,0.7656370038126411
1,initial,11,-0.4668154333326199,-0.11723101228802306,-0.47717558709399127,0.37272764635227407,-0.24861266103303267,-0.1400891753600697,-0.8163998543772174,-0.5682928195205883,-1.153612367452037,-0.44034696133860096,-0.5059295688875287,-0.4717461290401367,-0.27148141291242733,-0.36082559363971906,0.30798331584351674,-0.5448310320437326,0.11875232179604697,-0.672010845167846,-0.7873820400715159,-1.4358241851475393,-0.2786755328140197,-0.44373917689737014,-0.3207330041138167,-0.16557709733618292,-0.4758889108914507
1,initial,12,-0.12343536800750066,-0.2414224379701387,-0.41526372516550597,0.22491886332275834,-0.055173140342180314,-0.1482438569883075,-0.0054482980448626135,-0.5388825172882313,0.5193945155357043,0.3428392698100854,-0.3840379442057366,-0.14033195498254586,-0.31891609342055594,-0.018231248724516202,-0.4928837135602852,0.035643760843098914,-0.5078631720680142,0.03825218345546426,-0.6317090218708559,0.35746692528827084,-0.22797494002928226,0.24462412923824378,-0.017570652261315232,-0.09939779995584319,0.06425649543321292
1,initial,13,0.16921680713827864,-0.2354737736641573,-0.26341281181699505,-0.30932809334199174,0.3916512826601119,-0.7160573585616852,0.5739073879407153,0.2412904072508167,1.3240955699564043,0.4186889790767756,0.11319290048069716,0.6245106131878235,0.5418938986460431,0.6118015297991038,0.29422198640138547,0.4525519880699484,1.0638878289846698,0.7071273277296035,0.10578947875758453,2.021401334927201,0.7216446685005895,-0.18211540188156405,0.3535891814762619,0.18551558133781168,0.521662781614712
1,initial,14,0.37697232637493217,-0.042327669567197024,-0.194598840962504,0.3539439683550113,-0.24581283030943166,0.07124208335758553,0.7962723223170614,0.33709667966996076,0.7736787074656778,0.7604418074147786,0.7430083104559267,0.5255500670058977,-0.45424047273792234,-0.9618281755575686,0.3366910896673988,-0.144659305724472,-1.3237155064772248,1.5053406067497175,0.552514529583205,1.4636565879343064,1.423826549302915,1.5686804024417171,0.39094659664881765,-0.1641059155871468,0.9459991088847819
1,initial,15,-0.1520167134442696,0.5634856533328078,0.3860360634159347,0.35407914910043026,-0.31697549218298926,0.8397590871171831,-0.8675190802213477,-0.5859033126751445,-1.8286578787906782,-0.6925117166288016,-0.37766947845714405,0.04118572595808353,0.6525520848915628,0.533962966167368,0.7131188534854842,0.40344755792858455,0.4753341150589552,-0.5701806329753956,-0.6976471910647186,-1.5491920038705025,-0.8025586098678472,-0.01607139456571242,-0.18149233092022563,0.14413735298307964,-0.5071220148235308
1,initial,16,-0.2111477792154985,-0.36690600185912564,-0.42637696909360556,-0.27898919672551425,0.005481107188216594,-0.246385020758572,-0.05538955657187132,-0.059691743546298845,-0.06941006321403413,-0.37865633012141187,0.07203329295237963,-0.31393343752957326,-0.4416026339382919,0.21502468195790048,-0.8686567891451025,-1.2386391266658223,0.27244524814899956,-0.1862642411208541,-0.42498272947374627,0.26787202535505006,-0.5100112282140808,-0.1134081780309848,-0.08883815838036029,-0.09689796529284367,-0.08077835146787671
1,initial,17,0.2020411059893205,-0.13399960003865602,0.028345732484000852,-0.4770274574207275,0.27653065897112883,-0.19506612362913364,0.538081812017297,0.4388175938611102,1.0592391977649194,0.2709840640995095,0.5583326237271113,0.7452798850959782,0.8603052736569302,1.071740440781701,0.5614698425812555,0.9865416609496329,0.7001243376660734,0.6302544965350254,1.2332520111412837,1.1335413672387706,0.4463431652608104,-0.15389902577740422,0.32754943597458713,0.2664673145631915,0.38863155738598276
1,initial,18,-0.15872490951868676,-0.21143878730512639,0.0919551128682746,-0.34884813489539057,-0.08797322901909674,-0.31725141380220867,-0.1060110317322464,0.029098765786857626,0.03536268061490396,-0.279964609925456,-0.2702030714779317,-0.3351526607259873,-0.09311300566606599,0.5958386875313915,-0.42793978556851486,-0.7300744749285778,0.8469837576548327,-0.577192315785909,-0.15375935837765198,0.12525766991812332,-0.9914649934145688,-1.0414339849950238,-0.1101894036140568,0.004164947115972567,-0.2245437543440861
1,initial,19,-0.3531323827071642,-0.49265992590422564,-0.6849136328951582,0.21101759913329707,-0.1939933388284487,-0.4782079012514462,-0.213604839510102,0.06130186381064329,-0.12531261514955688,0.06426340792911933,-0.836886829829849,0.068930531231897,-0.16215879580900058,0.04410283098505774,-0.5926486775187508,0.4498801221026838,-0.17856269855473655,0.3000198582727946,0.18333336017561636,-0.13566689193916867,0.362060152947404,0.4646136750921263,0.011173789873665057,-0.04255977659634688,0.06490735634367714
1,initial,20,0.13132797840382127,0.0439102186784357,0.02899447376943772,-0.19144665481599138,-0.026726063951703814,0.2463104889418255,0.21874573812920683,-0.0028446502764611914,0.13510275467836674,0.23478675631776044,0.2620509824912635,0.046459026046680174,0.343695003020385,0.673817999872826,-0.26603767256570066,0.6152938745131764,0.718193216874948,-0.2507769509270249,-0.21005155542823525,-0.24136272967830202,0.5628171424327115,-0.5964235338840451,-0.039616279653582984,0.12298923768245179,-0.20222179698961748
1,initial,21,0.2535004014407316,0.32140021274028596,0.1771310609967136,-0.10381573691118955,0.5349079804872114,0.27999260579950025,0.185600590141178,0.19408696154036437,-0.010285362343248247,-0.08410822205413042,0.109947705094365,0.45885848467985046,1.049194493108953,1.2862675131009322,0.2927933913120255,0.7754695967762578,1.331428163381561,-0.1314775237492516,0.41806647372652533,-0.21772246089380776,-0.08304608966904622,-0.7337383406613703,0.13529245015149294,0.4174699370184849,-0.1468850367154991
1,initial,22,-0.1608061947320638,-0.5246983389362166,-1.259240363806941,0.18156475560558033,-0.515406470502687,-0.19940425758114166,0.20308594947208825,-0.127449165614509,-0.045518490346960025,0.567167493066516,-0.2355252707105556,-0.3517247578266244,-1.3194776838904454,-1.3517431523896533,-1.039423757906394,-1.0307521063702356,-1.4241838902978898,0.6160281682371971,0.31044127678735656,-0.005608644009036749,0.8056478676731782,0.49920320891373365,-0.14150041533851151,-0.44700339982743587,0.16400256915041306
1,initial,23,-0.0024109544840666963,-0.07993499707954341,-0.07374653976007561,0.104921686318696,-0.5188915803186056,0.11006037040661203,0.07511308811140927,0.4427177457112682,-0.19210660375405125,-0.1400647407753734,-0.2038921158491099,-0.23975241428614957,-0.3700822422713183,-0.43819177842674456,0.07597882245836944,-0.8821810329621083,0.07931235497102174,-0.10942258630098049,-0.12820655690569377,-0.3364607079217685,-0.45463019857501086,0.7664092401106009,-0.0983460591975488,-0.11169117475442497,-0.08500094364067254
1,initial,24,-0.18671374837279986,0.2769003740511959,-0.634265781543603,0.47498355497086625,0.045207815717893673,0.5610506595553874,-0.6503278707967963,-0.6258650832866208,-1.1105969561666333,-0.5219079571142989,-0.1479089537178428,-1.0639770621848519,-0.9613042548279971,-1.523365551823974,0.26525945455156597,-1.5073067826830298,-1.2216054792070719,-1.1666498695417065,-0.7344177390968369,-1.7384243336705274,-0.021125162845706168,-1.4942432315689673,-0.5166113254381243,-0.30479086292260754,-0.7284317879536408
1,initial,25,-0.4911278084491041,-0.050648502838566145,-0.45292238944811014,0.34452625294119005,-0.3046116931648424,0.21026999937312646,-0.9316071140596427,-0.7479706393431725,-1.240149344754599,-0.6113486827881636,-0.41270906103121047,-0.6582371478420498,-0.44313244218900744,-0.2641707920210131,-0.2606712401780572,-0.801327338229445,-0.0532188166609493,-0.8733418534950917,-0.7106304896035217,-1.450157319151145,-0.9781800340322433,-0.24087818485000412,-0.2942766627434415,-0.15823321206659896,-0.43032011342028426
1,initial,26,0.1154685553367633,0.4009164252280417,0.3062256134364668,0.1291773184976841,0.20601135637136134,0.5230332656165512,-0.16997931455451515,-0.20703905811137346,-1.202346143608708,-0.02883355716741439,0.4507750775851327,-0.2192621579539522,0.0561481971217744,0.05900476240546608,0.7638346725842238,-0.19970391595378834,0.23308552823824602,-0.4946725130296792,-0.10592830655620519,-1.3494592694765288,0.1917764332042604,-0.5059632526967736,-0.10739066862125594,0.03821126506059337,-0.2529926023031054
1,initial,27,-0.13295899411518874,-0.19186230805914678,-0.13806625632270494,-0.13972765139671495,0.2587984311259336,-0.40993437742594896,-0.07405568017123074,-0.018729330284176598,0.22932254435770333,-0.20376466310490468,0.10760627567303487,-0.9568654797726203,-1.0600257230830121,-1.2191334087203103,-0.08661305219630193,-1.8505144126888027,-0.5678865278003564,-0.8537052364622285,-0.8904049291585163,-0.47916767426320195,-0.05613534258537649,-0.4815998994440111,-0.3586703031724345,-0.3168883239640885,-0.4004522823807807
1,initial,28,0.5425121053287948,0.5258017141068468,0.8089038476127008,0.10315310202502574,0.22401126081142975,0.3465822632299531,0.559222496550742,0.6484823418071758,0.8514647259982818,0.6942750585119883,-0.29757775997772073,1.303551120127768,1.7418013106088086,2.086988300425891,1.08186486890174,1.7453385459037467,1.8783513498989188,0.865300929646727,1.257295410780827,1.3796956124685722,0.5921511421687494,-0.6533949442509209,0.5566307604633036,0.5906031175025915,0.5226584034240156
1,initial,29,0.07119687700889887,0.25879701393518734,0.33839484565802325,0.5922036751548403,-0.29830859169187524,0.2983312783108527,-0.11640325991738958,-0.10511990239016056,-0.18498738534140044,-0.2611273297371438,-0.12771756266032627,0.24125505821146476,0.6681792348686759,0.8760707638311394,0.7868304981071743,0.34022675914097134,1.1603179660531409,-0.18566911844574635,-0.37635453702372423,-0.2438700902298474,-1.2187237889580271,0.7151556957410765,0.10113057733239081,0.25146937751709086,-0.04920822285230923
1,initial,30,0.15281204422381123,0.32803565293903975,0.2548896293299263,0.023854868940230332,-0.09294288889535911,0.22592578374784308,-0.022411564491416534,0.29392630633976535,-0.4782565891196885,0.42049613259468915,-0.244308804549583,-0.7295360484701623,-1.4984071281208367,-1.5608101207959444,-1.547989392305235,-1.2497939784750578,-1.7122978994227043,0.03933503118051148,0.47034474920217395,-0.3808047521430321,0.18920797813223755,0.2210840946671359,-0.1773013473874202,-0.5163330235258893,0.1617303287510491
1,initial,31,0.2087210300399489,0.03467395424116745,0.911424011334742,-0.451075113971835,-0.12056122605458668,-0.30966412685161576,0.3827681058387311,0.11216427598996696,1.0711487415984267,0.5622070814357787,-0.138473044173677,0.5295929778131699,-0.014601656062666429,0.07356039965812948,-0.6668125631038895,0.36356563779128254,-0.10286462085324985,1.073787611689007,0.5047434634320055,1.59548350018807,0.8461758776251787,0.781869598186901,0.3013422310583437,-0.0032470531952031685,0.6059315153118905
1,best,0,-0.1748037041704172,-0.2739393099981106,-0.7239865828111935,0.09245725360339667,-0.5471872790329091,-0.11827939891342269,-0.07566809834272345,0.16644283446227778,-1.3176401498238786,0.1316261018911343,1.0387933974376615,-0.20615295049435362,-0.39246508687734327,-0.8267119309597493,-0.04222747629621863,-0.14846341108516423,-0.24038527245582197,-0.019840814111363736,0.4000155724746679,-0.745171585298548,0.40811122180968534,0.20513233105013778,-0.020020326971789498,-0.06243291560365077,0.02239226166007182
1,best,1,0.06017801924243393,0.271380170563161,0.4084239506657443,1.0092896776785547,-0.6825277648406629,0.18636536615681099,-0.15102413207829274,1.0759583487788464,-1.2048992904001297,0.16856402824201977,-0.7686569049052376,0.006829074518398907,0.19329263428388496,0.26874752543837016,0.5446571506826248,-0.10808603545552224,0.24245001372946348,-0.17963448524708697,0.8797603401908135,-0.7393458253189578,0.5682410073209503,-0.875220328188507,-0.021809197270280987,0.04508653985700162,-0.0887049343975635
1,best,2,-0.12398320344351992,-0.02111243640190256,-1.0192170145760546,1.8319091582537093,-1.6760466523444162,0.21075070759785985,-0.2268539704851369,-0.6465009458111275,1.1364049964886,-1.9487038841746889,0.991766464782029,-0.05530381746001697,-0.11491292416550762,-0.7398152990172047,1.0658171987687544,-1.0938378376332811,0.09778455493017812,0.004305289245473502,-0.5256963878051243,0.9883965786591464,-1.833819211716996,0.938849798292734,-0.016639941530930635,-0.020758641215094707,-0.012521241846766656
1,best,3,-0.10267940045914101,-0.06052536752329234,0.6234520363382198,-0.7393065770720653,0.31187844024250233,-0.0256193256668924,-0.14483343339499005,-0.308374856700994,-0.6930302036148136,0.14742145356438846,0.13467489783457318,-0.07451697261182888,0.09033633222436592,0.3672479656810773,-0.3224580369582379,0.12468811195727977,0.1241532963274957,-0.23937027744802386,-0.3757957279666665,-0.4706212874468063,0.7273296218157792,-0.355737242782469,-0.03536204878212148,0.030881356416859903,-0.1016054539811028
1,best,4,0.25541970312395024,0.10645567669487765,0.380244675370629,0.21250853745068782,0.62210473081866,0.450995327117355,0.4043837295530225,-0.577706532503007,0.9314177188862857,0.8375387513708803,0.49817183850129937,0.19756900627025548,0.12952151175312898,0.24328437885439758,0.3192727055758612,0.1257404494114467,0.2973900974345893,0.26561650078738197,-0.7421176964688907,0.5998290372805376,0.6687838769733461,0.03562790883745078,0.0407568790957998,0.033509058423451255,0.04800469976814844
1,best,5,0.2255046383103569,0.3971089522712775,0.25695515841412797,0.27675938096355235,2.076946569561628,-0.896215122859471,0.05390032434943626,-0.09317246748931085,-1.335580190458626,1.1928613275528877,0.1583181257891068,0.20786862183692617,0.12351637020290962,0.1105111829005597,-0.4060850991786069,1.0944766992402442,-0.8188590040114874,0.2922208734709427,0.2617960514917206,-0.8022053066037684,1.1246229466094637,0.6090382583726028,0.11508590046288399,0.0330680413845758,0.19710375954119214
1,best,6,-0.014796581363033894,0.20692211079639478,-0.36522931052944946,1.113156380062339,-0.4877409159056982,0.39078486094297504,-0.23651527352246257,0.19638221873341596,-0.5725051246614392,0.22823862712467577,-0.8761537299611666,0.11606807269654333,0.1819379889291099,-0.05391881790766033,0.6920469470911091,-0.30731374797687805,0.4566803843271069,0.05019815646397678,-0.47698603551010266,-0.06808205238860018,-0.09794247583804316,0.10092485185408581,0.020164732969249387,0.0728554445357158,-0.032525978597217065
1,best,7,0.36493213792013574,0.5100329980869627,0.7931216150589426,0.6251349191916374,0.9093001802271868,0.23684202447447622,0.21983127775330846,-0.3498129034231501,1.574922053587624,-1.2459183660962747,0.7824461519134637,0.191473318275965,0.14008850908034498,0.17674301988843752,0.5843037117790422,-0.01788277727438059,0.2376224198411862,0.24285812747158503,-0.2012293242338914,1.0872187686413435,-0.9942634287076118,0.7545754727432996,0.05374288476640251,0.03311932123994471,0.07436644829286031
1,best,8,0.23182037700558045,0.009975715827087821,0.9466823306140534,-1.7193148690422522,1.3896431483981087,0.0015967099760379653,0.4536650381840731,0.29517694035488284,0.6707407091200043,1.1860485184342566,-0.09388107929460876,0.20647675277426966,0.19346666694104936,0.7366287998776709,-1.1151590495808332,0.7952273180653143,0.16388439902700708,0.21948683860748996,-0.14737354579718182,0.3426387387364368,0.6759277715186074,0.12553248252492896,0.06339245306830082,0.05801691620798582,0.06876798992861588
1,best,9,0.09031030168165903,-0.16649710986237207,0.07225500069613386,-0.10451816023941,-0.5868205098637999,-0.572217114431776,0.3471177132256894,-1.2598894848333506,2.114695180564426,0.029575981579745836,0.10215172978320494,-0.07859221521082946,-0.39022082454107987,-0.36393375283219065,-0.12135146214781475,-0.9635903733767459,-0.6655404829792044,0.23303639411942098,-1.2696019381447021,1.405197006150442,-0.4403861318879121,0.9055041427198137,0.015132318373668463,-0.11078798899055026,0.1410526257378873
1,best,10,-0.009869129409981378,-0.08999885197338817,-0.0856039842478044,0.47079356637542186,-1.1686985636504421,0.31125203770884163,0.07026059315342578,-0.9719455203771059,1.8897684191031654,-0.7278703498261911,-0.020244435755450617,-0.19560037433721256,-0.2411264901552331,-0.40207011581713914,0.0010489924865656846,-0.8882361117944004,-0.29123653483948597,-0.1500742585191924,-1.0610388154263455,0.7202773213827312,-0.8798435441802918,-0.16651974268668676,-0.10686570972078813,-0.1209168437441796,-0.09281457569739665
1,best,11,0.13717565560293318,-0.22368560139995664,0.6275924371796819,-1.4814391187609521,-0.059356677632967925,0.5705611305956548,0.498036912605823,-0.17065484378544493,1.534681945860098,0.592844780625319,-0.03219999360474975,0.1750878109035875,-0.05351485080999826,0.3817387021989651,-0.6335530244447215,-0.18259526209210897,0.6078209668632608,0.40369047261717345,-0.1522653022535873,0.9206659244644277,-0.023294343947034928,0.22577217882293907,0.07383838209231336,0.010744206335731496,0.13693255784889521
1,best,12,0.07087268113670923,0.0703861443938451,0.56800094059048,-0.7368496158591461,0.6720778218436382,0.24794965676270708,0.07135921787957375,-0.8199466619857925,1.4419308601995562,-0.23207873477594898,-0.3677091870568935,0.11827268884520996,0.011885358802690149,0.25148161538874003,-0.6378481230313342,0.020930866129921233,0.0018106963186500145,0.22466001888772977,-0.3684242959071397,1.015871368157847,-0.092508922923904,-0.3267047386623342,0.033855940453864045,0.025382796494631592,0.04232908441309645
1,best,13,0.22668533557685575,0.2861438597784127,-0.06488319408533709,0.8392304439159481,1.1064654842706079,-0.4915115598877899,0.16722681137529913,0.169683376445328,0.6507603313413983,-0.010517037789824121,-0.07209210766266239,0.18424951312196866,0.2456223464469572,0.22708193702188573,0.5732454275370507,0.6314728781735623,0.04206913815191708,0.12287667979698011,0.15168805933123383,0.33088852134838476,-0.36129033910855757,0.16178492942967582,0.037112421625848935,0.023099828947837124,0.051125014303860704
1,best,14,-0.05885390007072185,-0.36275004979227016,-2.0335011809692536,1.989709765993608,-0.6206675429500408,-1.0666933055783687,0.24504224965082608,-0.03945462821239717,-0.2890384288551144,0.2625967066617744,1.045151612475553,-0.14405140192417548,-0.5436874885536491,-1.4652046310133429,0.8932707440617154,-0.7919531828645188,-0.7813622907792025,0.2555846847052982,-0.10794670408024695,-0.21979187729533317,0.4747584389609635,1.0282738992861828,0.008549658911373714,-0.15461459323953833,0.17171391106228562
1,best,15,-0.27319397680418434,-0.5459590885438694,-0.14813641615491296,-0.5221306734260919,-0.32084199669110913,-0.8480543517544175,-0.00042886506449901773,0.35486569425587405,-1.666257626566915,1.2053509255414707,-0.05850752275976312,0.03498320816224754,-0.17164031409503938,0.1759652196643391,0.07246310240725344,-0.41919287553656004,-0.1599636034965694,0.24160673041953426,0.5437871391929261,-0.638675217333702,1.145269467856905,0.24903876293831323,0.07935722752918184,-0.022758173272001046,0.1814726283303647
1,best,16,-0.020206474253994244,0.40041112218591857,0.9654590474552327,-0.26746797086081003,-0.773921379353153,1.6353087786632958,-0.44082407069390706,-0.5882218273342077,0.7051518110287895,-1.5550937888289638,-1.0086067469429416,-0.12890442433184085,0.19178072206928187,0.2809487198784202,-0.10414772354359429,-0.2174773639100321,0.8353215376024297,-0.44958957073296335,-0.42036622748655794,0.39484508358096526,-1.6465867565305778,-0.8773610131904934,-0.1398968285637262,0.043522606259727425,-0.32331626338717984
1,best,17,0.040252561170205,-0.34523014043500966,-0.9509425301884271,0.48142870613258804,-1.8584985883338072,0.4674832434695886,0.4257352627754204,1.6969125213047254,0.039133476852686686,-0.523841408882395,0.4056774316520947,0.06856205652662188,-0.16163592143207156,-0.5096733435402248,0.2897439025723899,-1.056688695223843,0.2320359507846374,0.29876003448531513,1.4574036229881036,0.1415975964127018,-0.26068701381621356,0.31609116920926755,0.07332708863473703,-0.05042104500908649,0.19707522227856064
1,best,18,-0.11894886811355088,-0.020965964128257058,1.1124711051816472,-1.1126146389719471,-0.25022489970664885,0.7611011770704239,-0.2169317720988447,0.6137415386098066,-1.2710125109224906,1.4316923722421926,-1.4990872434469593,0.09070427355054533,0.17299591582717452,0.6938528914831629,-0.6412435955990086,-0.046220235252349605,0.8738288766039053,0.008412631273915968,0.7354436011299711,-0.571299910412922,1.0662455599356768,-1.3672958738686214,0.013289663082597844,-0.0048353693109284375,0.031414695476124174
1,best,19,0.12492281750863958,0.2379353036568473,0.6001046323911519,-0.36692283682916144,0.04257387327481007,0.7366893423484822,0.011910331360431478,0.7610888361957476,-0.6479219745038889,0.7607138324900453,-1.0036957877918622,0.023752929783198984,0.17443092703767982,0.22472507258350133,0.08272206762236797,0.138003746288282,0.39398548169684394,-0.12692506747128185,-0.033506087137884874,-0.4307993208751304,-0.212148790549563,0.07233755029572168,-0.03239182373492735,0.044745326232074153,-0.10952897370192893
1,best,20,0.06601642945169037,-0.40145460684960943,-0.4539007462577205,-0.8725368885860337,0.0420426324020388,-0.698505005621201,0.5334874657529906,-0.7994685512443386,2.1132781868096218,-0.00014889095191576257,0.8244993004672815,0.0927579593034957,-0.16153472997219107,-0.03257197288525582,-0.588147420282998,-0.550447244766414,0.09681455572062496,0.34705064857918244,-0.4942277366839946,1.4197040429787222,-0.30421803926166857,0.6108627640520811,0.0403699865179306,-0.031155355644548743,0.11189532868041012
1,best,21,0.21325295228519078,0.45275222383034425,0.5379517491346472,0.40548261328929047,-0.3261975795149097,1.1363056324392173,-0.02624631925996305,1.0982651422253735,-0.8428461837097911,0.7618418686012118,-1.0547695292861525,0.1496491833555865,0.3796265147793515,0.3731245041276917,0.03877993106572072,-0.027864124461364586,0.8196471374433988,-0.08032814806817853,0.7357681269362792,-0.5533911777677846,0.8618330342154883,-0.7626131330799812,0.03133565457016601,0.11058856516874702,-0.047917256028414956
1,best,22,-0.08088969416718847,-0.32720138481930006,-0.07466352983362143,-0.3250006761103549,0.5804752749833039,-0.989798911819683,0.16542199648492315,-1.0582505218278548,-0.02568149762421479,0.552313224204742,0.6519570611343866,-0.21305897369075105,-0.2616974918109242,-0.2553715822954998,-0.04538417660734558,0.5592111222690914,-0.611449086664555,-0.16442045557057788,-0.8936916736256,-0.32385146485056565,0.3163681354268352,-0.047497486383155284,-0.08438723610516286,-0.07083546112996794,-0.09793901108035778
1,best,23,0.26382093042110366,0.37407674301665955,1.0495740618591696,-0.9614506498796493,1.5427941511187768,-0.23789798967292683,0.15356511782554744,-0.09279638479331442,0.13978111993876516,-0.41572458695278963,1.3309358603835428,0.10493556248463524,0.10495868269808788,0.33207023420931553,-0.33345313626587697,1.1546230769098142,-0.41273202774056367,0.1049124422711828,-0.015684745602340865,0.048432409164335485,-0.31102424568370646,0.9962129305848285,0.04609329633782374,0.04816532898740955,0.04402126368823793
1,best,24,-0.05516077391780579,-0.22213495098573696,0.0370417431871406,-0.3020369325590111,-0.2649658117647232,-0.5463034512625458,0.111813403150125,-1.1838907210444087,1.0199870123374792,-0.2920229388220978,1.0862475258099011,-0.20696322439374176,-0.28881160127228545,-0.2110603990993591,-0.25130697987473694,-0.1528945011579543,-0.6144916149295165,-0.12511484751519808,-1.2900267766155205,0.14956513596492935,-0.07974169948068063,0.13362660365432694,-0.09707715713014246,-0.03904066822775753,-0.15511364603252736
1,best,25,-0.16497735854603013,0.036362634012252114,0.11700454141350311,0.10017085967091241,0.18031929923597034,0.3066268482450474,-0.36631735110431163,-1.6409513414864207,1.1782849491741636,-0.18228143714783984,-0.676646087934758,-0.15803076416617212,0.03072100963215067,0.24625421525514485,-0.11079536398116949,-0.2642120141214185,0.37172792135667415,-0.34678253796449493,-1.7008398657721924,0.5084818785743253,-0.20975993030654227,-0.8320574608944827,-0.11740971614482006,0.02359428920506862,-0.25841372149470876
1,best,26,-0.020311656017102386,0.030092627093576223,0.31210805880699877,0.7089362318848713,-1.1742428194169874,-0.06059783263485626,-0.07071593912778155,0.5881720507921958,-0.7285964751079873,0.3840633676001026,-0.27083072989969076,0.08991712660806137,0.17532570066539283,0.23191157128717055,0.5260665376045844,-0.9448453232910259,0.35898461039212387,0.00450855255072972,0.08575369740985088,-0.32255269635073713,0.2368736101846499,-0.027370091650683975,0.017900676955326378,0.01505540087873981,0.0207459530319129
1,best,27,-0.05835877569483635,0.12458080243519207,0.3149309678817199,-0.2447338947311891,-0.420444985413444,0.7798778431907898,-0.24129835382486403,-0.8946003606337172,1.1240848392470602,-0.32456489467721283,-0.4315164002256141,-0.2939583860609585,-0.19824254969665167,-0.14352956274628997,-0.3348685504926574,0.03742774111171928,-0.07034495694711522,-0.3896742224252655,-0.7912025926698404,0.3396170709504448,-0.5043334038008633,-0.4772353120766119,-0.08595410545728938,0.011335466193907184,-0.18324367710848594
1,best,28,0.05869820451086083,0.15743868033276026,0.13411212479368273,1.0349611384667199,-0.04880710951025565,0.3150859843989621,-0.04004227131103821,1.6123593140713437,-1.876783900626528,2.31257294842077,-2.129926819218957,0.17176100029639874,0.12620724535543842,0.0187932934607693,0.6940654519235742,-0.09294642743952827,0.2746027566540654,0.21731475523735908,1.5119573678963527,-0.6345371837561347,1.865122562210774,-1.4182011466111666,0.12096350557576704,0.05126312858748391,0.19066388256405017
1,best,29,-0.17584281048470948,-0.19838864469201173,0.2178526732295838,-0.002935306908159093,-1.3780100727754312,1.008276143609268,-0.15329697627740688,0.34531800118810557,0.23359609505362164,-0.9241081463661324,0.0454208725416209,0.0063133069784652536,0.10484087344791819,0.5006097312857868,0.600788264922277,-1.1384123038804748,0.694437657634142,-0.09221425949098769,0.04473002259536729,0.5445747614649445,-1.4738084570445895,0.33282793273569944,-0.02776442475625816,-0.0035184147011708506,-0.052010434811345374
1,best,30,0.0054927094996048975,-0.10755208239581242,-0.5360991422507193,0.46930014644252543,0.7672527003399525,-0.8321206337280078,0.11853750139502184,0.3844070110592816,-0.18639044686226458,0.39063135392929016,-0.10302172537192937,0.07231958302383731,-0.09091416956066745,-0.2672093796935719,-0.13494077368130797,0.47640658999024665,-0.6290099105623977,0.23555333560834224,0.5155091822583195,-0.04476848915428766,0.6068878921258074,-0.454044918388109,0.041708102411015066,-0.06383050905717155,0.14724671387920174
1,best,31,0.06395538976640247,0.2243321235805638,-0.0974048809049936,0.03822727200432752,1.2537910611155794,-0.42291009790639306,-0.09642134404775941,1.5206265128471734,-1.189507721475249,0.3377303961938901,-0.5554948042896068,0.007541714177825565,0.07533340016037227,-0.16535964682083423,-0.038240961935323746,0.7244554103847342,-0.4784734281457546,-0.060249971804720956,1.2728769328290768,-0.5039918910190905,-0.04823171613637656,-0.17727939086513897,0.01753287719827602,-0.0028910267197819937,0.037956781116334035
2,initial,0,-0.08248552619937732,-0.24349894973576425,-0.3859161207340134,0.14034212291663167,-0.46264892956512743,-0.3329970553657424,0.07852789733700997,0.039327143194660685,-0.13655108302367197,-0.8603146190875892,0.21266018540460138,-0.08055327179161206,-0.07606527514620784,-0.49614589935238856,0.5164464249319178,-0.013637058316104216,-0.06879666429456958,-0.08504126843701629,-0.14217971442500293,-0.4052123549819475,-0.6339949625292359,0.3075956664562544,-0.06544243611972612,-0.03878290989206233,-0.09210196234738995
2,initial,1,-0.1378438106425654,-0.2853075553909538,-0.34933797945930917,-0.03564169022370075,0.12680855106614136,0.16132181122272846,0.009619934105823402,-0.5147662422197316,0.13326179440209085,0.2730543177764896,0.13787178417181542,-0.17757414627808427,-0.3078331287971655,-0.2788606867423371,0.2528291196350826,-0.20200656294270147,-0.40238314377293527,-0.04731516375900302,-0.8879567459196144,0.12871073868718036,0.4190892251432754,0.6585021343322458,-0.05917831146083126,-0.07101834631547686,-0.047338276606185656
2,initial,2,-0.07856157154712366,-0.13106800825748927,-0.31723829186474617,-0.3680970161881566,0.06247549200000554,0.07019431111349839,-0.02605513483675881,-0.24090238014894924,0.29061004640759636,-0.13513979645359314,-0.0304655873592082,-0.013247876281011947,-0.0859567154734242,-0.6398942341994948,0.26950197013873545,-0.5985081762444255,-0.6594877250059428,0.059460962911400315,-0.18996401096774845,0.12921937746730672,-0.19187384961677267,0.13285470439039382,-0.008451311733288735,-0.0017781928231555555,-0.015124430643421866
2,initial,3,0.06153377655881087,0.14798728186675678,-0.03076164793396785,-0.280840769678609,0.1964090008476475,0.43605848289323274,-0.024919728749135395,-0.6485254536420548,-0.2500530747559493,-0.42190176334647944,1.5950265923753542,0.020431459335074065,0.36128153933943125,0.5083157395847415,0.7240390285321889,0.5777554331346473,0.8951944367971043,-0.3204186206692831,-0.7193594622136423,0.18009821448494798,0.06980869771450701,0.7244391667354366,-0.022394360960935243,0.15218715301024668,-0.1969758749321171
2,initial,4,0.222513976382052,0.17638507812314538,0.8004039880405811,-0.294807196071214,0.49809703244419135,0.2299817292833306,0.268642874640959,0.14098197242003047,0.3595583088991476,0.7832117015253814,1.1714753948541299,0.10011724396866373,0.028246636063436657,0.48306460098610726,-0.48346472415384295,-0.35085272070603674,0.2595176783090662,0.17198785187389062,0.7517640717405172,0.14109735920967426,0.6437980201365561,0.028751535957044126,0.021190805459407602,0.013368965151606405,0.029012645767208755
2,initial,5,0.13512144184951208,0.26962454295280364,0.26156386295576783,0.5882828977861847,0.23632527651824184,-0.021203292294040093,0.0006183407462208764,0.1967974961072742,-0.39803599380282995,0.01538545492079324,-0.6479329588652568,0.11468308880063635,0.2177219887526055,0.6943831473047424,0.17110663398954506,0.5573427672691622,0.3384995620902672,0.011644188848667358,0.5322939933301989,-0.41238641453882197,0.4289176179004343,-1.1811034405840974,0.08446474040263405,0.13844428480420778,0.030485196001060248
2,initial,6,-0.10063944994848972,-0.20416228392867536,-0.2585632683158997,-0.03798592815132433,0.36303408997255004,-0.11735472161406024,0.0028833840316962642,-0.238080069254533,0.6354514846685396,-1.221247207982618,0.4563797741555916,-0.17354320977717738,-0.29280233350676754,-0.6243256098676664,-0.32801959826005866,0.11880202027619488,-0.1175377101328016,-0.05428408604758721,-0.42887824581126166,-0.3124656319604406,-1.0127309542791323,0.1930939024348492,-0.06672482251614895,-0.10170532221730325,-0.031744322814994584
2,initial,7,0.11970341835309244,0.11076496403958284,-0.149530330397456,-0.7053424460381257,0.48890374352863775,0.16475171069941563,0.1286418726666026,0.08663675684610055,1.0796194336976421,-0.18624632614219355,0.16402298383937586,0.050838760431414776,-0.04929501571563133,0.09296708887675124,-0.1222383496527609,-0.03985164133265329,-0.1116212819276452,0.15097253657846088,0.4151259524834039,0.8925636738292968,0.028951300915518452,0.1727876080367145,-0.029534723769760417,-0.025923245362029224,-0.03314620217749156
2,initial,8,0.24884946867707777,0.24223990374681964,0.730104030220052,-0.21773794252781808,-0.0567842662662262,-0.21184193504001286,0.2554590336073356,0.07966418327604993,0.5126449508362785,0.2543450102234483,0.2649248860749953,0.03708390373517445,-0.020009037671350947,0.9847699354631678,-0.3757867738694576,-0.15110963885665982,-0.2960968788615167,0.09417684514169986,0.2872989784087765,0.15741713453489997,0.18594188068518241,0.0858137194333671,-0.018847909063724883,-0.02105273093766171,-0.016643087189788103
2,initial,9,0.09125117338514399,0.33091266678555187,0.4703010632886599,-0.07023003559352814,0.07328048979948765,0.19336847609340513,-0.14841032001526422,0.17003950161294265,0.6799107723427149,0.4024384233025765,-0.6589433383859319,0.28646735448879007,0.317283114889951,0.4791555509277523,0.11473802220561566,0.10647393564751528,0.5205455673344225,0.25565159408762916,0.7507143487272047,1.276373622374109,0.044740812917399106,-0.21823738555093453,0.14643487699581595,0.1675667859931213,0.12530296799851062
2,initial,10,0.07079041549065912,0.20340880144773793,0.051494724483744925,-0.26118227692237894,-0.40887169792003986,0.07442734390099941,-0.0618279704664193,-0.49765837278709835,-0.41494704907414215,-0.36877976666009005,0.3377905597316803,0.07650048063846412,0.2341778363991019,-0.008234553634181019,0.20161887167705433,0.22144023014554354,0.46388702598815224,-0.08117687512217364,0.16884314384374655,-0.02650938069432026,-0.08423034365981241,0.24860874992911897,0.059623777786951826,0.11733559077439301,0.0019119647995106729
2,initial,11,-0.010325683273029556,0.09788410383667771,-0.24314825263104764,-0.04335478699969494,0.23850621386995563,0.06188343065086126,-0.11853547038273682,0.24297205267218347,0.022498180198449923,-1.7462256087953836,-0.7503215740712221,-0.12320036699693541,-0.10136462580134528,-0.22340017643316834,-0.14949496961871978,0.11263555330321455,0.06504443439592149,-0.14503610819252574,-0.3549844578086766,0.4644187970366609,-0.5366725871569034,-0.6486704223885125,-0.06414641497107419,-0.05743554002060882,-0.07085728992153952
2,initial,12,0.3097803310031155,0.04989519318104134,0.9102233480019277,0.3148609843056997,0.32173821500576094,-0.052317222607575584,0.56966546882519,0.30902053243065053,0.6493746651916799,-0.4169573438257294,1.3569584768951086,0.17734200845383816,0.05561028869673135,0.7452505582909094,0.5134665957628386,-0.41329926384495475,0.15725993039153785,0.29907372821094497,0.45531307483212435,1.35906846005581,-0.9344367289662552,0.9641568031993016,0.04692610009351848,0.08214781367977819,0.011704386507258765
2,initial,13,0.10395000225362883,-0.018881144364759628,0.31052320784708953,0.09329721037454775,-0.02761584917534791,-0.2659037072366329,0.22678114887201672,0.36257346874430646,-0.3401788464184685,0.5893354749171935,-0.10622019937152653,0.04224925141904534,-0.21027535449145524,0.24373435208526306,-0.9709358154499641,-0.6569621700096928,-0.3381141043053012,0.2947738573295459,1.2460245961039638,-0.5424601224376602,-0.16221964901923847,-0.7538965082927578,0.029335473885805423,-0.10164963012959569,0.16032057790120657
2,initial,14,0.07310947795475883,0.1449888738164573,-1.1847029099713573,-0.4649172472765869,0.275349432049253,0.3492649755530727,0.00123008209306034,0.3086132245943851,-0.46066111445861296,0.26815908279489875,-1.1979921177265371,0.0009795460012018697,-0.012919292954764646,-0.6772428639682282,-0.43359465885860704,0.40991564318966744,0.11262924812275532,0.014878384957168386,0.289710337481317,-0.15845940035954817,0.6233320792253435,-0.7264247598656597,0.05637017236047236,0.007381468584744163,0.10535887613620051
2,initial,15,-0.15222665235657815,-0.04505249017060324,-0.6508928179547062,0.1847316129742338,0.20222916116523715,0.23902782857416613,-0.25940081454255304,0.004749947971626571,0.461951719249775,0.09616112454251091,-0.568583116450172,-0.2336959243322645,-0.2619381022955473,-0.585192972639496,0.16564992623159988,0.14692945108740826,-0.14060946712955844,-0.2054537463689817,-0.4441470361518311,0.7897284433467704,0.07158800836709316,0.5258788783200434,-0.06024443277586912,-0.07077037706281589,-0.04971848848892233
2,initial,16,-0.01574010669501062,-0.20023373111098586,0.28238374296904717,-0.15011095903331237,0.08616262719218337,-0.24193539306970324,0.16875351772096464,0.07579925787640995,0.39873950628910526,-1.0106685367777555,2.2020559830681536,0.007158297637518407,-0.05155158523935518,-0.42327367435780994,0.0022563955017322153,-0.25071694278908874,-0.05989582511211511,0.065868180514392,-0.6216194889182525,1.0620747762007796,-0.8928376536815523,1.36655036364018,-0.0385284654095038,-0.05281328346485574,-0.024243647354151833
2,initial,17,-0.2232733774741269,-0.2051956136253974,-0.2003693166037805,0.141235158360337,-0.3132627645525532,-0.3210359106134216,-0.2413511413228564,-0.3707033848420786,-0.4149918919484441,0.9582288700633239,-0.9365976135289378,-0.13080098777006963,-0.18408751368479248,-0.2986774937776312,-0.08063396365128059,-0.42106500706914723,-0.37107983497831254,-0.07751446185534658,-0.6233934825996442,-0.5551118093401424,0.2613620908998497,-0.14113170258956753,-0.03509009745691174,-0.08958861378341593,0.019408418869592457
2,initial,18,0.23436354305138796,-0.0468408011739759,1.1841326104480026,0.13841342687391495,-0.4100370878421515,-0.2564890779729693,0.5155678872767515,0.19626600042782494,0.8805422818945985,0.23005001114377052,1.9879983817699525,0.05327462761553252,-0.015119362631761762,0.9143554269567766,-0.35435125789271404,-0.29501182993361724,-0.18093465729090172,0.12166861786282661,0.6622406108169925,0.733702784032088,-0.630742275831507,1.1510520700731812,-0.025837076373380806,-0.05873022025018336,0.007056067503421795
2,initial,19,-0.028494697316131155,0.10287343360697809,-0.8572793137115386,0.1298506539884296,-0.012347923738094865,0.22954651251945551,-0.15986282823924042,0.1401500716471049,-0.12464057875683832,-2.2039409848558567,-0.08628703501662931,-0.06957116603481603,-0.12301311844803209,-0.6945336756366587,0.2525240043532162,0.09450506615747387,-0.056367672480950315,-0.016129213621599952,-0.16357069105417937,0.8640029703772156,-0.7372896827512936,-0.1568506288075174,-0.03737962617383036,-0.07567066397239346,0.0009114116247327386
2,initial,20,-0.046739293421368774,-0.040360512510661715,0.7046252304739047,-0.3326846410283972,-0.5383096232612921,-0.5084101781529412,-0.05311807433207657,0.00825221780014059,0.04270742595086974,1.0813496545737866,-0.2522381560309195,0.1319952349161796,0.35957962815631944,0.6163335708440254,-0.3541986225808739,0.2263455862376551,0.5432849610976576,-0.09558915832396006,-0.29658584134628185,-0.9877412245203392,0.48776687359988824,-0.05213654523165875,-0.023527931678502905,0.1113813290036477,-0.15843719236065354
2,initial,21,-0.07302234019279245,-0.22409264409242552,0.8063934533855144,0.6556030114263164,-0.32760832454022876,-0.440343030821709,0.07804796370684061,0.04384699246501682,-0.05552695960264827,0.8940951220686211,-0.4498065136514932,0.14242773942632664,0.1368038099627859,0.4395953612096437,0.38032343509977495,-0.011851876699107516,0.007891654263336711,0.14805166888986737,0.045308828481119466,-0.27493502370419476,1.1204149198304,-0.10686727768599025,0.0037112568916341146,0.04056095032151504,-0.03313843653824677
2,initial,22,-0.09002648723203481,0.2162983532808016,-0.4988984521235581,-0.23138456954405603,-0.08171390019657832,0.620606611180825,-0.3963513277448716,0.1702624707498594,-0.7555989858831332,-0.08399258438971528,-1.5180148789287262,-0.057573229592482456,-0.008712619076414185,-0.09613071851581223,-0.44845829074788846,0.024050640951516582,0.3160631930624658,-0.10643384010855036,0.04812614286185883,0.20316077825350018,-0.4752766771481576,-1.0357337710151342,0.03115308242356951,0.06378423197750292,-0.001478067130363849
2,initial,23,0.016071521480922984,0.08359257617125009,0.31739333649518053,-0.3194297035928055,0.18330492015106392,-0.04523342426310325,-0.05144953320940375,0.1827251463551316,0.5406749270948937,-0.1264782822655719,-0.2745115636614807,0.13379705959395344,0.03429516529478612,0.22125372881485567,0.3479467418622595,-0.18548908686169985,-0.22163116013786954,0.23329895389312072,0.6405646654791616,0.6933914511967906,-0.23816716581109806,-0.913810170340272,0.01444996299974392,0.020818399919515045,0.008081526079972748
2,initial,24,-0.1163173371280668,-0.1846839327549636,-0.2548850822781616,-0.03638041498039257,-0.4584946251106844,0.018518394668056715,-0.047950741501170034,-0.3213935494094315,-1.2034362593568457,0.019432639710883493,0.5388824819144222,-0.12140113029177446,-0.13220554682088087,-0.2652173712700664,-0.290426151812877,0.25524475692925674,-0.05375213748313697,-0.11059671376266808,-1.0262919120916112,-0.7178715902497043,0.5654899790361309,0.37712390757012754,-0.06771940671677894,-0.0629528538025903,-0.07248595963096752
2,initial,25,0.0801420676910447,0.14243868013390468,-0.09502893339158844,-0.0077850570115830155,0.24748017661316996,0.13085615078033705,0.017845455248185482,-0.17975849999270083,-0.42687385475742434,0.5226665531003853,0.21439039594628378,-0.037308199137997544,0.12533802729492044,-0.3059250781062558,-0.25265222591446035,0.225222504840548,0.17970768501849088,-0.1999544255709157,-0.5116187020636483,-0.21902873464312894,-0.13888562595750925,0.6648063883933031,0.04951613806913817,0.0602200618713115,0.03881221426696477
2,initial,26,-0.01921076645528097,0.03317839911388158,-0.10516419367123812,0.10741556449893164,0.042422402321495856,0.009098308509175961,-0.07159993202444315,-0.3175450286120318,0.5224322015143794,0.0558712098394006,-0.219026457351712,-0.0711366837898858,0.020391458639456943,-0.07959708772616389,-0.25463306601042535,0.6007560798283689,0.32241841238986735,-0.16266482621922873,-0.6398520314897849,-0.04616074983936569,-0.02260705406848381,0.08213338009819382,-0.035385419939549384,0.0206014827749057,-0.0913723226540045
2,initial,27,-0.04134291153860733,-0.11126092497998712,0.2573758415000708,0.04072296072231178,-0.1677549195373551,-0.3900463527653934,0.02857510190277246,-0.2991583064886546,-0.145398226334712,-0.6029723214468382,1.3675887113641894,0.03243140994895792,0.12806827261008608,-0.09293829050220175,-0.3796328041727093,0.15555176500922235,-0.046306470385761855,-0.06320545271217023,-0.3259781224022603,-0.375408985683805,0.2477727238813025,0.5329091578370382,-0.03285921757958878,-0.014546200073911424,-0.05117223508526614
2,initial,28,-0.2304954696186638,-0.06901666057916866,-0.1651450725921174,0.5039156308485142,-0.47337475354527186,0.0016424966185509446,-0.39197427865815854,-0.38664873293852303,-0.6950924928673197,1.0317468266814567,-2.257153104121755,-0.2118374767630969,-0.01217937024567813,-0.1754647462470153,-0.2904923407382709,-0.618177200502786,0.3555721420312382,-0.4114955832805156,-0.8481993532769654,-1.3410800888191348,-0.13162528704900942,-1.8781983277714673,-0.036389821519219004,-0.032923235377544935,-0.03985640766089309
2,initial,29,-0.019514270780014074,-0.028274190448523973,0.1901565390268467,-0.2700432218708719,-0.21636987818462203,-0.09576090400903385,-0.010754351111504542,-0.03458642648636712,1.0342605843936536,0.0668606869283872,0.2936221768447774,-0.21611367804397985,-0.3905262671258022,-0.3617983924873447,-0.2923032052301037,-0.863519927949092,-0.5049302517353523,-0.04170108896215737,-0.28718247906716216,0.6797764757240129,-0.378827148182439,0.2381723953577412,-0.09858132077525474,-0.14039444537417559,-0.056768196176333816
2,initial,30,0.023974362057918402,0.3013801837524958,0.6074215997484796,-0.494941083227977,-0.22679055238480944,-0.10524442383685884,-0.25343145963665825,0.022215354109291024,-0.39420865289526485,0.10526574231310241,-0.5859735991866237,0.042346788157331026,0.3215898359928604,0.714479040020175,0.1332601923513229,0.5034631683768658,0.4710920493063135,-0.23689625967819836,0.5208781341260875,-0.31369202959374104,-0.17563341480091274,-0.30162220706979936,0.04496270523375659,0.1411307704428036,-0.05120535997529041
2,initial,31,-0.03062571598222245,0.012441640308971843,-0.44968673066731135,0.3426469130270057,-0.442365301589233,-0.19166895840400397,-0.07369307227341637,-0.06627811935162006,-0.3260889830444517,-0.4181363597038379,-0.03427526262339183,0.08632979657120232,0.1535152269614217,-0.4959716300162461,1.1243882458642407,0.20082575918530798,-0.38420158965225476,0.019144366180982957,-0.0949160243359056,0.18625205545719892,-0.4861578100699419,0.029611641123066617,0.06985207012623461,0.07007108089190889,0.06963305936056027
2,best,0,-0.048929523976180375,-0.16316220819580324,-0.7553914062789513,-0.20945436121269684,-0.07561178463607895,-0.1766194559583667,0.06530316024344249,-0.9308738764384147,-0.6004459602539474,-0.5754290094218003,-0.5389338138546207,0.022163459460846822,0.10030854266509219,-0.33033677380144105,0.30710565124206524,0.2073243327425789,0.04218442447434375,-0.05598162374339864,-0.5481453958829878,-0.5072723728128955,0.026818000238830002,-0.3565517413019045,-0.03266830078876237,0.01012441863177412,-0.07546102020929889
2,best,1,-0.11260479061445525,-0.3524545017295052,0.378786339028064,-0.7881356118756963,0.36022545485912366,-0.04143455310398355,0.12724492050059452,-0.9983390225065136,0.3466279294967811,0.23068179041796885,0.14338807791406172,-0.11496351317205315,-0.15383815177384427,0.377602001806782,0.27063770538434007,-0.2937000426050359,-0.6441327066341744,-0.07608887457026203,-0.15510437982752573,-0.12908191516125916,0.29982133239528774,0.8722155582101623,-0.029652546112906807,-0.08565846709242708,0.02635337486661346
2,best,2,-0.06992141062487282,-0.11452355384402035,0.0665584162956967,-0.23608499349693224,-0.10623868818738706,0.13269651873833038,-0.025319267405724544,-1.184793290815552,0.7347119702029903,0.46943349017469477,-0.7665258698489412,0.058632416011191,-0.05014418114077028,-0.0800367489963727,-0.18989612283179488,-1.0766382067409124,0.007683503712462662,0.16740901316315226,-0.7220863444097241,0.9169600600930006,0.23699224395907548,-0.3152039646282131,-0.01939884197707145,-0.07475152080753603,0.035953836853393116
2,best,3,0.021024078320437033,0.09264793127176689,-1.0435759912663989,0.42972631787726,0.35560207919656345,0.3434707510400322,-0.050599774630892824,-1.772232757308374,0.19060351529874325,-0.5295626527022312,2.999582006668579,-0.051784089586098446,0.07948732092115496,-0.35624813203030126,1.2076406807158722,0.9388310209530223,0.06483366436426923,-0.18305550009335186,-1.198845615581897,-0.24866863027976324,-0.2470011999631076,1.8162253229401648,-0.04144466806486373,0.08570584510379158,-0.16859518123351908
2,best,4,0.23573792218533673,0.19945937116703488,0.7249246163248965,-0.4925004912476405,0.3698558726301715,0.23956230660834077,0.27201647320363825,0.2620573143496182,0.32076891697285115,0.7858813873468118,0.5738485196777614,0.05793022943687831,-0.16265200625668016,0.23011346688947665,-0.5143232255146457,0.05273772749895341,0.11092699089091682,0.2785124651304367,0.370071692497704,0.5499552735888743,1.1728484164636226,-0.34136531867632103,0.002926306723395426,-0.06387137934429489,0.06972399279108572
2,best,5,0.0415045623489078,0.09164194588012801,-0.38024177179251184,-0.09829652925546903,0.2726849094194206,-0.20822918213316538,-0.00863282118231316,1.4822395971179907,-0.4669684372212246,-0.39429589696398093,-0.017111332669569695,0.17781823820813725,0.34237458045598634,0.4483537461266455,-0.28320656218164414,0.38203138477176307,0.4603878833427492,0.01326189596028815,0.863495170965815,-0.25088599862110134,-0.22629733218075007,-0.15189820713373603,0.09089621908930728,0.19456572537808106,-0.012773287199466476
2,best,6,0.009306438699455319,-0.07214395631489143,0.408455714911448,-0.7200742210124071,0.4877707680340837,-0.22460674142921633,0.0907568337138028,-0.6989385961341281,0.09458265989329714,-0.7735588181626223,-0.46204319235253477,0.12710833411685757,0.09906014829083969,-0.18002733247578803,-0.26779397377909797,0.06644907748585431,0.13329317541929342,0.15515651994287533,-0.8206083784340723,-0.10736368458376999,-0.009596853055598617,-0.349378828179819,0.035357234675492635,0.026343628517661588,0.044370840833323724
2,best,7,0.1617518620382256,0.3226675844809209,0.9159133748833348,0.4374536669504751,0.20858830605947326,-0.38336142069896884,0.0008361395955304903,-0.02963674393992625,0.8312971975204938,0.09026186992927121,-0.4452303552543528,0.055385906503620706,-0.07312790478776107,0.19634030085111148,0.15794101510431222,0.2798043675477439,-0.0570957178349237,0.1838997177950023,-0.05085432030772978,0.9984798506184294,0.2217032888359912,-0.7137140583897494,-0.03439986360252006,-0.005738998266788578,-0.06306072893825149
2,best,8,0.08290697713137545,0.254393647565007,-0.006232452914517092,0.6011694716113055,0.3680501890091474,0.022476732478230087,-0.0885796933022561,0.41734214230511935,-0.6633754239423717,0.2992525277497604,-0.0013289867750798656,-0.08335956864714056,-0.07123116723593578,0.511426750971901,-0.06722234316464645,0.00809043915400931,-0.2515708375383815,-0.09548797005834535,-0.15548713346365245,-0.22202880092645483,0.12685201583536995,-0.06135149860370078,0.007775391458611272,0.013887472651897456,0.0016633102653251335
2,best,9,0.11432656874600933,0.2807197971659866,0.4632048825149197,0.8167197799637024,0.0009245268046398358,0.16792751323338573,-0.05206665967396755,0.4804046148728721,1.3641423364185088,-0.15404886731797446,-0.7201502104465248,0.13148135145246193,0.08954461163050358,0.3384785699819626,0.48628598774996923,0.34978046946122276,0.529819289528322,0.17341809127442034,0.8864945186260813,1.4777249346339714,0.04759548471306034,-0.5355791537786067,0.07012039899472008,0.08984927007851913,0.050391527910921025
2,best,10,-0.03910571679128598,0.2469431050905476,0.011789668061967056,0.498530113883288,-0.48962691474290965,0.22122654602265332,-0.32515453867311916,-0.24311375502614752,-0.4002174028390071,-0.07142007015625618,-0.5127513692788737,-0.004904764010585187,0.09476812520294031,-0.40103639978729644,0.2128461391701268,0.1624676463611774,-0.10502851718618386,-0.10457765322411032,0.5147925872178305,-0.5448108546457813,0.45027597052369694,-0.028389905910262137,-0.019596064714800937,0.02578796364864721,-0.06498009307824906
2,best,11,0.08639334791910185,0.15717678247964478,-0.005215080206779632,0.703066267919447,0.008000686194882256,0.15294008194347936,0.015609913358559102,0.22302346993252326,-0.19840193060558953,-0.9400451451898095,0.680975243608785,-0.07166513366885119,0.015143634707906658,-0.10835547255330055,0.032898241522502834,0.43731279599251793,0.08680442605355498,-0.15847390204560924,-0.4254832299493583,-0.36715875103549755,-0.680087358661962,-0.11684508212985131,-0.0766413441335027,0.019309155442745383,-0.17259184370975078
2,best,12,0.0806187270665019,0.18507109577633649,0.7321719385663632,0.6508920192391636,0.1475834205590639,0.061161107098499645,-0.02383364164333268,0.5145677228511936,0.28449615709268183,-0.8260338480603213,-0.06996624989975775,-0.003810690356534918,0.14948816238596324,0.8364838588641537,0.4983111120357505,-0.13625138957504168,0.7499824435476359,-0.15710954309903288,0.12958607633422012,0.47644620017543476,-0.751428208591971,0.4283663281885712,-0.011850556826646607,0.11994332114747353,-0.14364443480076672
2,best,13,0.0834190575133816,-0.022232365482729444,1.0775908770715668,-0.2776286676460068,-0.16126378590113122,-0.46054344488174326,0.18907048050949227,1.8199444493401273,-0.5975698031324028,0.6218609857759194,-0.9657068057449696,-0.05345912798393748,-0.2795295127037273,0.1793662950593474,-1.275086307101033,-0.9399122601109848,-0.2875063794220149,0.17261125673585231,0.9907922756691312,-0.3089375644377638,0.20656720288669236,-1.907894179287951,-0.004067963727389379,-0.13989086060856643,0.13175493315378764
2,best,14,-0.058346181322671185,-0.1898139803913997,-1.8483008998562456,-0.0452128735338538,0.16661731860051562,-0.464687477898893,0.07312161774605697,1.267910561479658,-0.34094795614857326,0.06271478622862148,-1.5915502033195716,-0.032589488133490205,-0.18948048674281293,-0.5243598825195291,-0.35855993776209777,0.2982071394867636,-0.2874258343907229,0.12430151047583235,0.7684808709124769,-0.20224528192706925,0.4971408506954759,-0.74469873721555,0.007764678540272084,-0.08260736919476291,0.09813672627530703
2,best,15,-0.10100630526648188,-0.26361363907660085,-1.0300997304732455,-0.44416586707746325,0.14017741751478113,0.20510204831817536,0.06160102854363747,-0.14060444888306822,0.9750381887930212,0.05925582973475378,0.9411445918004935,-0.0840931604038305,-0.08898899404681879,-0.5567046921559012,0.14584738626870747,0.31771730504277507,0.25183459848133677,-0.07919732676084221,-0.2533148475316771,0.95773142096371,-0.6737729686515226,0.6882061285737795,-0.023830232271013496,-0.030928345576694598,-0.016732118965332443
2,best,16,-0.04017673900110393,-0.44671883126598644,-0.05635999030374188,0.013069308381896683,-0.009321121536500776,-0.32090050341068527,0.36636535326377895,-0.3722741414401254,0.9917587255155829,-0.8494761021181778,1.5746317735650754,0.014169788541257649,-0.30348726540448145,-0.8901337217068754,0.24826286433586162,0.2839977495980099,-0.35026325821698956,0.3318268424869969,-0.9995682662540858,1.0485624855194273,-0.5535586461800301,0.9269067302763239,-0.04241249579100044,-0.12020486727398828,0.03537987569198746
2,best,17,-0.003788070306834923,0.05101150599540379,0.8842881199046815,-0.548104493335333,-0.08186914414158568,-0.28736063822500935,-0.058587646609073826,-0.5722167534224883,0.14518796754537638,0.4118395569349298,0.3098831605037685,-0.1223145147491119,-0.049085281301993376,0.21859680183759167,-0.2547113916345571,-0.23671979581553945,-0.15543406031572746,-0.19554374819623033,-0.1302197430295597,-0.8617944448121051,0.059310697542535415,0.8874267121006607,-0.024705430201009126,-0.06033786355209125,0.010927003150072978
2,best,18,0.0042474281958585864,-0.054363620011433175,1.7378285924708774,-0.7136408308723396,-0.6984361263902938,-0.443172473584977,0.06285847640314998,-0.09188515004804554,0.7870942492930907,-0.5187591949219658,1.4170211316988723,-0.11823580119237602,-0.01361166875180675,0.700728960070689,-0.20030942649015246,0.1322358858156155,0.09110387394242785,-0.22285993363294548,0.21178959147697038,0.2787091948608533,-1.169009766888292,0.059803020264115325,-0.08322354908801538,-0.006245247153142397,-0.16020185102288834
2,best,19,-0.14590026975819126,-0.13502887468251124,-1.5313856330340674,0.8444360454140136,-0.013954287908033436,-0.10417912488706568,-0.15677166483387184,0.40039159699292914,-0.3366380374368235,-1.2853617771525627,0.24964900993024472,-0.1247828300727577,-0.16267786861071998,-0.8910331751474159,1.02829094572196,0.22214077051825765,-0.21104923870269854,-0.08688779153479534,0.3241772567274359,0.6116495822519108,-0.5956061023148529,-0.8980646374427075,-0.061615700274386634,-0.043060554844936615,-0.08017084570383667
2,best,20,0.19889078971463564,0.4274671252062982,1.0237310216294437,0.7747207591263557,-0.2955843481680609,0.11578990446732126,-0.02968554577702731,-0.9422852044114283,0.19667528253860017,0.45503635561208033,0.5311797388408687,0.2095160062318907,0.5294741904609013,0.5513631208319574,-0.24620394854853345,0.1700322702170946,0.7646097022130987,-0.11044217799711986,-1.1779718904620338,-0.31390384166624063,-0.2514652021034262,0.26752104700634755,0.06797678515396764,0.17834993194558757,-0.042396361637652286
2,best,21,-0.06462637941846391,-0.17057517267390615,1.6396567595432274,-0.5752966597032172,-0.29301507651956865,-0.8035661082856168,0.0413224138369787,0.21515322420080585,-0.4544418848349915,1.2386709323172844,-0.6276798386285795,-0.011511059005542279,0.0818034361459256,0.13537494266811798,0.2739819825795124,-0.3225483303096399,-0.6064804918594199,-0.10482555415701006,0.3861978203226857,-0.8982182644581171,0.49339480923320045,0.19135207002118942,-0.02200043958489717,0.010892441715402296,-0.054893320885196634
2,best,22,-0.03936690868085235,0.0309595885126072,-1.864106052819233,0.28905143275649525,-0.24282034598278823,0.19454384934536995,-0.10969340587431191,0.8530610577105884,-0.3957765964841883,-0.20498127969613553,-0.3369257372153626,-0.012703953410544793,-0.09317496844593191,0.005853805809901136,-0.3713142566800942,0.02333886389699854,0.2684688193887649,0.06776706162484233,0.8816426949892036,0.36395855960888274,-0.24157636760155884,-0.20992336852806956,-0.0038662707594422363,-0.04490663924282925,0.037174097723944755
2,best,23,0.1048613763117312,0.06122326507241094,-0.029220136055892652,-0.22090593584144966,0.4156322528471638,0.23739191357310396,0.1484994875510511,-0.32673980896313387,0.7793462173236065,-0.05337525244755836,-0.9448287094144788,0.18679379860598366,0.035293677579655666,0.438560696255644,0.32949698739323,0.06051888876133542,-0.1470707532459666,0.3382939196323117,0.009337803342778969,1.9436009654446127,0.14028955187082842,-1.4582933232004003,0.07096231124511382,0.03297150737207276,0.10895311511815493
2,best,24,-0.02715698125981677,-0.0007897267018582473,-0.4640062643922027,-0.7414924346988805,-0.016090969210009003,0.3600427755811627,-0.053524235817775476,-0.472602790634075,-1.0358209174431874,0.23879653711711857,1.2457389839498678,-0.19283427485008572,-0.24847876708583924,-1.2695774896877663,-0.5090765919640927,-0.0895378389728289,0.1404444827000499,-0.1371897826143324,-0.19757717288244456,-0.9817756301557597,0.19102067448786436,1.0700694880379362,-0.07764997514910844,-0.05535641112847286,-0.09994353916974402
2,best,25,-0.02096059987304925,0.285623869408506,0.08141361385525014,0.7700185667451461,0.306431946106569,0.11751650769516046,-0.3275450691546043,-0.4374547595788947,-1.097401309224128,0.29601253252104165,0.7880136054167353,-0.18200747631737607,0.1602503064972429,-0.28361846094310106,0.0505928564524442,0.6825577390193664,0.27307713066339834,-0.5242652591319951,-0.6547380457975723,-1.2319724503234029,-0.7616819338018526,0.9174649146361036,-0.024538601610872523,0.09011325457727176,-0.13919045779901681
2,best,26,-0.0048399180695583395,0.1529137157696414,0.031570680166087925,-0.003090796733543992,0.10353736428589426,-0.11308171197189336,-0.16259355190875774,-1.0430258847837313,0.10006135580982253,0.06852620132212699,0.85086803028026,0.05374807309574496,0.2033516863012978,0.38333982463296556,-0.4182570700364489,0.6829298614156029,0.386646969672441,-0.09585554010980787,-1.291117924797097,-0.42780842543183006,-0.31167079383400836,0.7895883301090475,0.05015356049535569,0.11372300262536342,-0.013415881634652068
2,best,27,0.07974497995305178,0.09261328623581497,0.8185582835429014,0.10892073898098802,-0.226069809753983,-0.4415095156859702,0.0668766736702886,-0.737814008412494,-0.5377120284119319,-0.009858791457591684,0.7280190296137231,-0.03448857827630843,-0.046126649244544835,-1.0474351879702735,-0.18350915148556912,0.5566124058187076,-0.6647481464573887,-0.02285050730807185,-0.4855334021377404,-0.22232016643010888,0.733825093849189,0.24170004792985442,-0.0463000130866439,-0.03960450389947403,-0.052995522273813836
2,best,28,-0.05440526346141228,-0.00950754228709309,-0.06519806507452912,-0.2800101585561662,-0.4973470248538862,0.3991254498292496,-0.09930298463573166,-0.18933092418237893,-0.6067734678093503,0.5930031051664505,-1.1866817240208793,0.024097383351268098,0.35170031887729125,0.8348168587745508,-0.49758172511827126,-0.8000218027850755,0.7733492574122673,-0.30350555217475506,0.0903295062922697,-1.0465605632835673,-0.38400812248608995,-1.1637446824740525,-0.020789178310067862,0.03899410182279239,-0.08057245844292814
2,best,29,-0.08263469669190486,0.10085566111313948,0.5333024951628855,-0.1185081712932945,0.028703383268452825,-0.18904603804620707,-0.2661250544969494,-0.6921966267281995,1.0525191066394284,-0.07314541306383612,0.4234961279265252,-0.2347045026420989,-0.3373202172483523,0.003531810590133855,-0.08329972396030913,-0.46363170292239947,-0.8590051984740843,-0.13208878803584567,-0.7169298015127417,0.8736662145405516,-0.7418073987324777,0.006769389004245285,-0.11248756764089148,-0.15728892352977292,-0.06768621175201005
2,best,30,0.10834969108595902,0.49482688884772474,0.767963898571739,0.6678335799573295,-0.19284852233894054,0.39659634476972183,-0.27812750667580677,0.2386532989268801,0.4239331479512831,-0.3512085492024501,0.22160328002494753,0.16503890150136,0.47985043939569966,1.1139900524641888,0.669349722522794,0.42813418741645204,0.1841625169665817,-0.1497726363929795,0.7722043850648042,0.6714107855279424,-0.4620125922707782,0.14490986988446347,0.060162907569079604,0.1462140602850933,-0.02588824514693412
2,best,31,0.03386896757078558,0.08181795108742285,-1.043746913395,0.9102380141314208,-0.38730506681241417,0.1341591241887567,-0.014080015945851695,0.6423600473187263,0.02364531056210965,-0.51231786456534,-0.725268762903261,0.1534610067761268,0.3648367331662191,-0.024304000423127636,1.0366329552604858,-0.3287780483559718,0.10275030151442636,-0.05791471961396548,0.03203508414057218,0.24575373897136674,-0.2684397024915097,-0.3178162510104469,0.07951616597819076,0.13466028260696974,0.024372049349411763
