group,class,kernel,mmd,physics_error,generated_Mx,target_Mx,generated_Mz2,target_Mz2
seen/isolated_step_1,0,global,0.2322520051456094,0.17295095574138544,0.11360757960130179,0.1820788460902527,0.6957824875674979,0.9732131325613179
seen/isolated_step_1,0,1-rdm,0.014897782822901329,0.17295095574138544,0.11360757960130179,0.1820788460902527,0.6957824875674979,0.9732131325613179
seen/isolated_step_1,0,2-rdm,0.21307070249427484,0.17295095574138544,0.11360757960130179,0.1820788460902527,0.6957824875674979,0.9732131325613179
seen/isolated_step_1,1,global,0.4615424772963136,0.3008770126314017,0.4004429113995408,0.8838413836155475,0.34986722108744656,0.46822277413424324
seen/isolated_step_1,1,1-rdm,0.16785014184019809,0.3008770126314017,0.4004429113995408,0.8838413836155475,0.34986722108744656,0.46822277413424324
seen/isolated_step_1,1,2-rdm,0.3284754735204456,0.3008770126314017,0.4004429113995408,0.8838413836155475,0.34986722108744656,0.46822277413424324
seen/isolated_step_2,0,global,0.6254137277273295,0.3034258204168896,-0.04522055908943757,0.15171971256547928,0.355395939384767,0.7653073085636293
seen/isolated_step_2,0,1-rdm,0.04113606234771261,0.3034258204168896,-0.04522055908943757,0.15171971256547928,0.355395939384767,0.7653073085636293
seen/isolated_step_2,0,2-rdm,0.3525737884380513,0.3034258204168896,-0.04522055908943757,0.15171971256547928,0.355395939384767,0.7653073085636293
seen/isolated_step_2,1,global,0.27469420500895836,0.1400669985467582,0.21356684173190477,0.4433096265996247,0.3075970961883969,0.3579883084141934
seen/isolated_step_2,1,1-rdm,0.09164216817728743,0.1400669985467582,0.21356684173190477,0.4433096265996247,0.3075970961883969,0.3579883084141934
seen/isolated_step_2,1,2-rdm,0.19904535726744754,0.1400669985467582,0.21356684173190477,0.4433096265996247,0.3075970961883969,0.3579883084141934
seen/rollout_step_2,0,global,0.6074553888370547,0.2869337488572772,-0.03573255868226627,0.1541427551320979,0.37834122572965473,0.7623334096298449
seen/rollout_step_2,0,1-rdm,0.039736558762847096,0.2869337488572772,-0.03573255868226627,0.1541427551320979,0.37834122572965473,0.7623334096298449
seen/rollout_step_2,0,2-rdm,0.3280827326641307,0.2869337488572772,-0.03573255868226627,0.1541427551320979,0.37834122572965473,0.7623334096298449
seen/rollout_step_2,1,global,0.2890894547452819,0.14072758045577774,0.20171698025515855,0.4389197438399941,0.3121754886781797,0.3564278860048996
seen/rollout_step_2,1,1-rdm,0.09990435094810635,0.14072758045577774,0.20171698025515855,0.4389197438399941,0.3121754886781797,0.3564278860048996
seen/rollout_step_2,1,2-rdm,0.21290765674544354,0.14072758045577774,0.20171698025515855,0.4389197438399941,0.3121754886781797,0.3564278860048996
seen/rollout_step_1,0,global,1.017613437518869,0.3879628593157128,0.030116489462479884,0.1820788460902527,0.34924977055766515,0.9732131325613179
seen/rollout_step_1,0,1-rdm,0.025810803247294567,0.3879628593157128,0.030116489462479884,0.1820788460902527,0.34924977055766515,0.9732131325613179
seen/rollout_step_1,0,2-rdm,0.620898047698885,0.3879628593157128,0.030116489462479884,0.1820788460902527,0.34924977055766515,0.9732131325613179
seen/rollout_step_1,1,global,0.7721992719182988,0.4329417445453,0.16451727431347224,0.8838413836155475,0.32166339434571845,0.46822277413424324
seen/rollout_step_1,1,1-rdm,0.36123896416398926,0.4329417445453,0.16451727431347224,0.8838413836155475,0.32166339434571845,0.46822277413424324
seen/rollout_step_1,1,2-rdm,0.610552116486911,0.4329417445453,0.16451727431347224,0.8838413836155475,0.32166339434571845,0.46822277413424324
unseen/isolated_step_1,0,global,0.40095579744915955,0.23689430480626,0.10593460366677343,0.1820788460902527,0.5755687653722772,0.9732131325613179
unseen/isolated_step_1,0,1-rdm,0.006198847068040969,0.23689430480626,0.10593460366677343,0.1820788460902527,0.5755687653722772,0.9732131325613179
unseen/isolated_step_1,0,2-rdm,0.2885876440130746,0.23689430480626,0.10593460366677343,0.1820788460902527,0.5755687653722772,0.9732131325613179
unseen/isolated_step_1,1,global,0.5910504609721243,0.339050845032977,0.3572742198464226,0.8838413836155475,0.3166882478374142,0.46822277413424324
unseen/isolated_step_1,1,1-rdm,0.19230089862652955,0.339050845032977,0.3572742198464226,0.8838413836155475,0.3166882478374142,0.46822277413424324
unseen/isolated_step_1,1,2-rdm,0.37026701094510717,0.339050845032977,0.3572742198464226,0.8838413836155475,0.3166882478374142,0.46822277413424324
unseen/isolated_step_2,0,global,0.30381733126993377,0.24835361607567935,0.013640882536922137,0.13007663079600065,0.2858920450427376,0.6661635289350177
unseen/isolated_step_2,0,1-rdm,0.020305316194165757,0.24835361607567935,0.013640882536922137,0.13007663079600065,0.2858920450427376,0.6661635289350177
unseen/isolated_step_2,0,2-rdm,0.26958962007238396,0.24835361607567935,0.013640882536922137,0.13007663079600065,0.2858920450427376,0.6661635289350177
unseen/isolated_step_2,1,global,0.2800421781183808,0.30491826069005507,0.017917506661391268,0.5313417739503518,0.24605537968325897,0.3424676337744086
unseen/isolated_step_2,1,1-rdm,0.1963543786074562,0.30491826069005507,0.017917506661391268,0.5313417739503518,0.24605537968325897,0.3424676337744086
unseen/isolated_step_2,1,2-rdm,0.32319485956787064,0.30491826069005507,0.017917506661391268,0.5313417739503518,0.24605537968325897,0.3424676337744086
unseen/rollout_step_2,0,global,0.30590041827077935,0.26420072666653066,0.00044804041909332886,0.11744320050132818,0.26327619216322007,0.6746824854140465
unseen/rollout_step_2,0,1-rdm,0.022076815545455375,0.26420072666653066,0.00044804041909332886,0.11744320050132818,0.26327619216322007,0.6746824854140465
unseen/rollout_step_2,0,2-rdm,0.30374900243945424,0.26420072666653066,0.00044804041909332886,0.11744320050132818,0.26327619216322007,0.6746824854140465
unseen/rollout_step_2,1,global,0.2660953667596173,0.318457859348114,0.0359857972192216,0.5602280478333058,0.2412068860605568,0.3538803541427005
unseen/rollout_step_2,1,1-rdm,0.18917013115504133,0.318457859348114,0.0359857972192216,0.5602280478333058,0.2412068860605568,0.3538803541427005
unseen/rollout_step_2,1,2-rdm,0.3135078193910523,0.318457859348114,0.0359857972192216,0.5602280478333058,0.2412068860605568,0.3538803541427005
unseen/rollout_step_1,0,global,0.9844925069751557,0.4543051786586952,-0.02336657342032803,0.1820788460902527,0.2700481947545082,0.9732131325613179
unseen/rollout_step_1,0,1-rdm,0.04297826054047382,0.4543051786586952,-0.02336657342032803,0.1820788460902527,0.2700481947545082,0.9732131325613179
unseen/rollout_step_1,0,2-rdm,0.6855641338618913,0.4543051786586952,-0.02336657342032803,0.1820788460902527,0.2700481947545082,0.9732131325613179
unseen/rollout_step_1,1,global,0.925608815640757,0.5396497128817124,0.009145291654651052,0.8838413836155475,0.2636194403317151,0.46822277413424324
unseen/rollout_step_1,1,1-rdm,0.464510736112445,0.5396497128817124,0.009145291654651052,0.8838413836155475,0.2636194403317151,0.46822277413424324
unseen/rollout_step_1,1,2-rdm,0.761226985376988,0.5396497128817124,0.009145291654651052,0.8838413836155475,0.2636194403317151,0.46822277413424324
validation/isolated_step_1,0,global,0.39469093649274023,0.26318741247271077,0.18631413620778267,0.4396999260563019,0.5841366068754653,0.8571256419723676
validation/isolated_step_1,0,1-rdm,0.045953195383028556,0.26318741247271077,0.18631413620778267,0.4396999260563019,0.5841366068754653,0.8571256419723676
validation/isolated_step_1,0,2-rdm,0.24586067799817268,0.26318741247271077,0.18631413620778267,0.4396999260563019,0.5841366068754653,0.8571256419723676
validation/isolated_step_1,1,global,0.6134444301642696,0.3141225599603924,0.41839221879835203,0.9309888699232617,0.28944448310383697,0.4050929518997121
validation/isolated_step_1,1,1-rdm,0.21379832708284963,0.3141225599603924,0.41839221879835203,0.9309888699232617,0.28944448310383697,0.4050929518997121
validation/isolated_step_1,1,2-rdm,0.38704938245917764,0.3141225599603924,0.41839221879835203,0.9309888699232617,0.28944448310383697,0.4050929518997121
validation/isolated_step_2,0,global,0.3123595253602135,0.35046777580046845,-0.027794187948656686,0.2716832766149335,0.27713928562192974,0.6785973726592764
validation/isolated_step_2,0,1-rdm,0.052659226162602435,0.35046777580046845,-0.027794187948656686,0.2716832766149335,0.27713928562192974,0.6785973726592764
validation/isolated_step_2,0,2-rdm,0.3499672209681167,0.35046777580046845,-0.027794187948656686,0.2716832766149335,0.27713928562192974,0.6785973726592764
validation/isolated_step_2,1,global,0.3374142972821824,0.28377753966206587,0.03697656769396732,0.5987806595182718,0.3165540261948214,0.3108030386949942
validation/isolated_step_2,1,1-rdm,0.24081741165676784,0.28377753966206587,0.03697656769396732,0.5987806595182718,0.3165540261948214,0.3108030386949942
validation/isolated_step_2,1,2-rdm,0.36945827312286894,0.28377753966206587,0.03697656769396732,0.5987806595182718,0.3165540261948214,0.3108030386949942
validation/rollout_step_2,0,global,0.32879510809933427,0.37219284740021524,-0.07716615749969452,0.2635816064751209,0.27773855293109284,0.6813764837567079
validation/rollout_step_2,0,1-rdm,0.07584141741694417,0.37219284740021524,-0.07716615749969452,0.2635816064751209,0.27773855293109284,0.6813764837567079
validation/rollout_step_2,0,2-rdm,0.38202119098630105,0.37219284740021524,-0.07716615749969452,0.2635816064751209,0.27773855293109284,0.6813764837567079
validation/rollout_step_2,1,global,0.32004243725494225,0.2808067644369374,0.029452637751011805,0.5794679195721149,0.3254763869302487,0.313878139877477
validation/rollout_step_2,1,1-rdm,0.2410842446089032,0.2808067644369374,0.029452637751011805,0.5794679195721149,0.3254763869302487,0.313878139877477
validation/rollout_step_2,1,2-rdm,0.3597626689092366,0.2808067644369374,0.029452637751011805,0.5794679195721149,0.3254763869302487,0.313878139877477
validation/rollout_step_1,0,global,0.9505941579127092,0.5032997241621779,-0.007608945773322892,0.4396999260563019,0.2978350654776365,0.8571256419723676
validation/rollout_step_1,0,1-rdm,0.11399998647343956,0.5032997241621779,-0.007608945773322892,0.4396999260563019,0.2978350654776365,0.8571256419723676
validation/rollout_step_1,0,2-rdm,0.6109105705864557,0.5032997241621779,-0.007608945773322892,0.4396999260563019,0.2978350654776365,0.8571256419723676
validation/rollout_step_1,1,global,0.96022027541464,0.5014123449281799,0.034528651518346595,0.9309888699232617,0.2987284804482674,0.4050929518997121
validation/rollout_step_1,1,1-rdm,0.5193214079929862,0.5014123449281799,0.034528651518346595,0.9309888699232617,0.2987284804482674,0.4050929518997121
validation/rollout_step_1,1,2-rdm,0.8118007960777149,0.5014123449281799,0.034528651518346595,0.9309888699232617,0.2987284804482674,0.4050929518997121
